Client_Name,Project_Name,Completion_Date,Documentation_Link,Value_Type,Value_Amount,Calculated_By,Notes
Acme Corporation,Dashboard Development,2025-11-15,https://docs.acme.com/dashboard,Cost Savings,25000,Pranav,Q4 delivery complete
Beta Solutions Inc,AI Integration Phase 1,2025-10-30,https://beta.ai/docs,Revenue Increase,18000,Fazil,ML model deployed
Delta Healthcare,Patient Portal,2025-11-20,https://delta.health/portal,Time Savings,32000,Pranav,HIPAA compliant
Epsilon Retail,E-commerce Platform,2025-09-15,https://epsilon.shop/docs,Revenue Increase,22000,Suhail,Shopify integration
Zeta Logistics,Route Optimization,2025-10-10,https://zeta.logistics/optimizer,Cost Savings,28000,Pranav,AI-powered routing
Theta Education,LMS Customization,2025-11-05,https://theta.edu/lms,Time Savings,15000,Fazil,Canvas integration
Iota Consulting,Data Analytics Dashboard,2025-08-20,https://iota.consulting/analytics,Strategic,35000,Pranav,PowerBI integration
Kappa Media,Content Management System,2025-11-25,https://kappa.media/cms,Time Savings,20000,Suhail,In final testing
Lambda Ventures,Investment Tracker,2025-12-15,https://lambda.vc/tracker,Strategic,40000,Pranav,In progress
Acme Corporation,Mobile App Development,2025-12-30,https://docs.acme.com/mobile,Revenue Increase,45000,Fazil,iOS & Android
